Period,Admissions,Feature1
13.993126158057422,23.269912788196333,6
13.993126158057422,-1.8434283594468281,2
13.993126158057422,17.72703723606735,5
13.993126158057422,12.755669904658582,4
13.993126158057422,0.64851881089165309,0
13.993126158057422,25.936301056207888,9
13.993126158057422,3.7268738357826079,1
13.993126158057422,27.615344235405853,7
13.993126158057422,7.7801067007907054,3
13.993126158057422,22.314925372020078,8
