Period,Admissions,Feature1
19.306863997384433,8.0984842518221747,4
19.306863997384433,29.871518006685537,5
19.306863997384433,4.8320273238365292,0
19.306863997384433,24.339542631702564,6
19.306863997384433,9.5600279699888553,7
19.306863997384433,35.729026675703984,9
19.306863997384433,8.0209175055706705,1
19.306863997384433,22.965588278072616,2
19.306863997384433,11.721836186286353,3
19.306863997384433,37.929671144175018,8
